pattern,rule,width,steps,noise,trial,noiseSeed,firstMismatch,finalMatch,finalPopulation,finalHamming
block,B3/S23,64,96,0,0,block:noise:0,,true,4,0
block,B3/S23,64,96,0,1,block:noise:1,,true,4,0
block,B3/S23,64,96,0,2,block:noise:2,,true,4,0
block,B3/S23,64,96,0,3,block:noise:3,,true,4,0
block,B3/S23,64,96,0,4,block:noise:4,,true,4,0
block,B3/S23,64,96,0,5,block:noise:5,,true,4,0
block,B3/S23,64,96,0,6,block:noise:6,,true,4,0
block,B3/S23,64,96,0,7,block:noise:7,,true,4,0
block,B3/S23,64,96,0,8,block:noise:8,,true,4,0
block,B3/S23,64,96,0,9,block:noise:9,,true,4,0
block,B3/S23,64,96,0,10,block:noise:10,,true,4,0
block,B3/S23,64,96,0,11,block:noise:11,,true,4,0
block,B3/S23,64,96,0,12,block:noise:12,,true,4,0
block,B3/S23,64,96,0,13,block:noise:13,,true,4,0
block,B3/S23,64,96,0,14,block:noise:14,,true,4,0
block,B3/S23,64,96,0,15,block:noise:15,,true,4,0
block,B3/S23,64,96,0,16,block:noise:16,,true,4,0
block,B3/S23,64,96,0,17,block:noise:17,,true,4,0
block,B3/S23,64,96,0,18,block:noise:18,,true,4,0
block,B3/S23,64,96,0,19,block:noise:19,,true,4,0
block,B3/S23,64,96,0,20,block:noise:20,,true,4,0
block,B3/S23,64,96,0,21,block:noise:21,,true,4,0
block,B3/S23,64,96,0,22,block:noise:22,,true,4,0
block,B3/S23,64,96,0,23,block:noise:23,,true,4,0
block,B3/S23,64,96,0,24,block:noise:24,,true,4,0
block,B3/S23,64,96,0,25,block:noise:25,,true,4,0
block,B3/S23,64,96,0,26,block:noise:26,,true,4,0
block,B3/S23,64,96,0,27,block:noise:27,,true,4,0
block,B3/S23,64,96,0,28,block:noise:28,,true,4,0
block,B3/S23,64,96,0,29,block:noise:29,,true,4,0
block,B3/S23,64,96,0,30,block:noise:30,,true,4,0
block,B3/S23,64,96,0,31,block:noise:31,,true,4,0
block,B3/S23,64,96,0,32,block:noise:32,,true,4,0
block,B3/S23,64,96,0,33,block:noise:33,,true,4,0
block,B3/S23,64,96,0,34,block:noise:34,,true,4,0
block,B3/S23,64,96,0,35,block:noise:35,,true,4,0
block,B3/S23,64,96,0,36,block:noise:36,,true,4,0
block,B3/S23,64,96,0,37,block:noise:37,,true,4,0
block,B3/S23,64,96,0,38,block:noise:38,,true,4,0
block,B3/S23,64,96,0,39,block:noise:39,,true,4,0
block,B3/S23,64,96,0.0001,0,block:noise:0,,true,5,0.000244140625
block,B3/S23,64,96,0.0001,1,block:noise:1,,true,4,0
block,B3/S23,64,96,0.0001,2,block:noise:2,,true,4,0
block,B3/S23,64,96,0.0001,3,block:noise:3,,true,4,0
block,B3/S23,64,96,0.0001,4,block:noise:4,5,false,81,0.019775390625
block,B3/S23,64,96,0.0001,5,block:noise:5,8,false,0,0.0009765625
block,B3/S23,64,96,0.0001,6,block:noise:6,,true,4,0
block,B3/S23,64,96,0.0001,7,block:noise:7,,true,4,0
block,B3/S23,64,96,0.0001,8,block:noise:8,,true,7,0.000732421875
block,B3/S23,64,96,0.0001,9,block:noise:9,,true,4,0
block,B3/S23,64,96,0.0001,10,block:noise:10,,true,5,0.000244140625
block,B3/S23,64,96,0.0001,11,block:noise:11,7,false,0,0.0009765625
block,B3/S23,64,96,0.0001,12,block:noise:12,,true,6,0.00048828125
block,B3/S23,64,96,0.0001,13,block:noise:13,,true,4,0
block,B3/S23,64,96,0.0001,14,block:noise:14,63,false,0,0.0009765625
block,B3/S23,64,96,0.0001,15,block:noise:15,,true,5,0.000244140625
block,B3/S23,64,96,0.0001,16,block:noise:16,,true,4,0
block,B3/S23,64,96,0.0001,17,block:noise:17,,true,6,0.00048828125
block,B3/S23,64,96,0.0001,18,block:noise:18,,true,4,0
block,B3/S23,64,96,0.0001,19,block:noise:19,,true,5,0.000244140625
block,B3/S23,64,96,0.0001,20,block:noise:20,,true,5,0.000244140625
block,B3/S23,64,96,0.0001,21,block:noise:21,,true,6,0.00048828125
block,B3/S23,64,96,0.0001,22,block:noise:22,,true,4,0
block,B3/S23,64,96,0.0001,23,block:noise:23,,true,4,0
block,B3/S23,64,96,0.0001,24,block:noise:24,,true,4,0
block,B3/S23,64,96,0.0001,25,block:noise:25,,true,4,0
block,B3/S23,64,96,0.0001,26,block:noise:26,,true,5,0.000244140625
block,B3/S23,64,96,0.0001,27,block:noise:27,,true,4,0
block,B3/S23,64,96,0.0001,28,block:noise:28,,true,4,0
block,B3/S23,64,96,0.0001,29,block:noise:29,77,false,0,0.0009765625
block,B3/S23,64,96,0.0001,30,block:noise:30,,true,4,0
block,B3/S23,64,96,0.0001,31,block:noise:31,,true,4,0
block,B3/S23,64,96,0.0001,32,block:noise:32,59,false,7,0.001708984375
block,B3/S23,64,96,0.0001,33,block:noise:33,,true,4,0
block,B3/S23,64,96,0.0001,34,block:noise:34,,true,6,0.00048828125
block,B3/S23,64,96,0.0001,35,block:noise:35,,true,4,0
block,B3/S23,64,96,0.0001,36,block:noise:36,66,true,5,0.000244140625
block,B3/S23,64,96,0.0001,37,block:noise:37,,true,5,0.000244140625
block,B3/S23,64,96,0.0001,38,block:noise:38,,true,4,0
block,B3/S23,64,96,0.0001,39,block:noise:39,,true,4,0
block,B3/S23,64,96,0.0005,0,block:noise:0,,true,7,0.000732421875
block,B3/S23,64,96,0.0005,1,block:noise:1,,true,5,0.000244140625
block,B3/S23,64,96,0.0005,2,block:noise:2,35,false,7,0.001708984375
block,B3/S23,64,96,0.0005,3,block:noise:3,62,false,7,0.001220703125
block,B3/S23,64,96,0.0005,4,block:noise:4,5,false,13,0.004150390625
block,B3/S23,64,96,0.0005,5,block:noise:5,8,false,0,0.0009765625
block,B3/S23,64,96,0.0005,6,block:noise:6,48,false,2,0.00146484375
block,B3/S23,64,96,0.0005,7,block:noise:7,46,false,7,0.001708984375
block,B3/S23,64,96,0.0005,8,block:noise:8,64,false,4,0.001953125
block,B3/S23,64,96,0.0005,9,block:noise:9,44,false,4,0.001953125
block,B3/S23,64,96,0.0005,10,block:noise:10,30,false,4,0.001953125
block,B3/S23,64,96,0.0005,11,block:noise:11,7,false,3,0.001708984375
block,B3/S23,64,96,0.0005,12,block:noise:12,19,false,11,0.003662109375
block,B3/S23,64,96,0.0005,13,block:noise:13,58,false,3,0.001708984375
block,B3/S23,64,96,0.0005,14,block:noise:14,63,false,2,0.00146484375
block,B3/S23,64,96,0.0005,15,block:noise:15,,true,8,0.0009765625
block,B3/S23,64,96,0.0005,16,block:noise:16,17,false,0,0.0009765625
block,B3/S23,64,96,0.0005,17,block:noise:17,,true,10,0.00146484375
block,B3/S23,64,96,0.0005,18,block:noise:18,,true,5,0.000244140625
block,B3/S23,64,96,0.0005,19,block:noise:19,2,false,2,0.00146484375
block,B3/S23,64,96,0.0005,20,block:noise:20,,true,6,0.00048828125
block,B3/S23,64,96,0.0005,21,block:noise:21,22,false,4,0.001953125
block,B3/S23,64,96,0.0005,22,block:noise:22,36,false,2,0.00146484375
block,B3/S23,64,96,0.0005,23,block:noise:23,29,false,7,0.001708984375
block,B3/S23,64,96,0.0005,24,block:noise:24,54,false,0,0.0009765625
block,B3/S23,64,96,0.0005,25,block:noise:25,,true,4,0
block,B3/S23,64,96,0.0005,26,block:noise:26,,true,7,0.000732421875
block,B3/S23,64,96,0.0005,27,block:noise:27,10,false,6,0.0009765625
block,B3/S23,64,96,0.0005,28,block:noise:28,,true,7,0.000732421875
block,B3/S23,64,96,0.0005,29,block:noise:29,77,false,3,0.001708984375
block,B3/S23,64,96,0.0005,30,block:noise:30,4,false,0,0.0009765625
block,B3/S23,64,96,0.0005,31,block:noise:31,48,false,9,0.002197265625
block,B3/S23,64,96,0.0005,32,block:noise:32,49,false,1,0.001220703125
block,B3/S23,64,96,0.0005,33,block:noise:33,33,true,7,0.000732421875
block,B3/S23,64,96,0.0005,34,block:noise:34,18,false,2,0.00146484375
block,B3/S23,64,96,0.0005,35,block:noise:35,29,false,0,0.0009765625
block,B3/S23,64,96,0.0005,36,block:noise:36,37,false,4,0.001953125
block,B3/S23,64,96,0.0005,37,block:noise:37,45,false,1,0.001220703125
block,B3/S23,64,96,0.0005,38,block:noise:38,10,false,1,0.001220703125
block,B3/S23,64,96,0.0005,39,block:noise:39,14,false,1,0.001220703125
block,B3/S23,64,96,0.001,0,block:noise:0,11,false,3,0.001708984375
block,B3/S23,64,96,0.001,1,block:noise:1,75,false,6,0.0009765625
block,B3/S23,64,96,0.001,2,block:noise:2,35,false,41,0.010986328125
block,B3/S23,64,96,0.001,3,block:noise:3,62,false,8,0.00146484375
block,B3/S23,64,96,0.001,4,block:noise:4,5,false,24,0.0068359375
block,B3/S23,64,96,0.001,5,block:noise:5,8,false,28,0.0078125
block,B3/S23,64,96,0.001,6,block:noise:6,39,false,34,0.0087890625
block,B3/S23,64,96,0.001,7,block:noise:7,32,false,39,0.010009765625
block,B3/S23,64,96,0.001,8,block:noise:8,20,false,6,0.00244140625
block,B3/S23,64,96,0.001,9,block:noise:9,44,false,13,0.004150390625
block,B3/S23,64,96,0.001,10,block:noise:10,30,false,5,0.002197265625
block,B3/S23,64,96,0.001,11,block:noise:11,7,false,6,0.00244140625
block,B3/S23,64,96,0.001,12,block:noise:12,19,false,7,0.002685546875
block,B3/S23,64,96,0.001,13,block:noise:13,58,false,8,0.0029296875
block,B3/S23,64,96,0.001,14,block:noise:14,63,false,2,0.00146484375
block,B3/S23,64,96,0.001,15,block:noise:15,57,false,7,0.002685546875
block,B3/S23,64,96,0.001,16,block:noise:16,8,false,3,0.001708984375
block,B3/S23,64,96,0.001,17,block:noise:17,65,false,13,0.002685546875
block,B3/S23,64,96,0.001,18,block:noise:18,55,false,2,0.00146484375
block,B3/S23,64,96,0.001,19,block:noise:19,2,false,5,0.002197265625
block,B3/S23,64,96,0.001,20,block:noise:20,,true,6,0.00048828125
block,B3/S23,64,96,0.001,21,block:noise:21,13,false,7,0.002685546875
block,B3/S23,64,96,0.001,22,block:noise:22,36,false,7,0.002685546875
block,B3/S23,64,96,0.001,23,block:noise:23,14,false,1,0.001220703125
block,B3/S23,64,96,0.001,24,block:noise:24,45,false,7,0.002685546875
block,B3/S23,64,96,0.001,25,block:noise:25,,true,5,0.000244140625
block,B3/S23,64,96,0.001,26,block:noise:26,58,false,4,0.001953125
block,B3/S23,64,96,0.001,27,block:noise:27,10,false,10,0.0029296875
block,B3/S23,64,96,0.001,28,block:noise:28,,true,10,0.00146484375
block,B3/S23,64,96,0.001,29,block:noise:29,12,false,38,0.009765625
block,B3/S23,64,96,0.001,30,block:noise:30,4,false,2,0.00146484375
block,B3/S23,64,96,0.001,31,block:noise:31,48,false,9,0.002197265625
block,B3/S23,64,96,0.001,32,block:noise:32,24,false,3,0.001708984375
block,B3/S23,64,96,0.001,33,block:noise:33,23,false,4,0.001953125
block,B3/S23,64,96,0.001,34,block:noise:34,18,false,3,0.001708984375
block,B3/S23,64,96,0.001,35,block:noise:35,29,false,4,0.001953125
block,B3/S23,64,96,0.001,36,block:noise:36,37,false,6,0.00244140625
block,B3/S23,64,96,0.001,37,block:noise:37,44,false,2,0.00146484375
block,B3/S23,64,96,0.001,38,block:noise:38,10,false,3,0.001708984375
block,B3/S23,64,96,0.001,39,block:noise:39,13,false,3,0.001708984375
block,B3/S23,64,96,0.005,0,block:noise:0,8,false,13,0.004150390625
block,B3/S23,64,96,0.005,1,block:noise:1,4,false,17,0.005126953125
block,B3/S23,64,96,0.005,2,block:noise:2,11,false,23,0.006591796875
block,B3/S23,64,96,0.005,3,block:noise:3,7,false,18,0.00537109375
block,B3/S23,64,96,0.005,4,block:noise:4,5,false,47,0.012451171875
block,B3/S23,64,96,0.005,5,block:noise:5,2,false,89,0.022705078125
block,B3/S23,64,96,0.005,6,block:noise:6,6,false,52,0.01318359375
block,B3/S23,64,96,0.005,7,block:noise:7,9,false,19,0.005615234375
block,B3/S23,64,96,0.005,8,block:noise:8,2,false,21,0.006103515625
block,B3/S23,64,96,0.005,9,block:noise:9,7,false,33,0.009033203125
block,B3/S23,64,96,0.005,10,block:noise:10,14,false,25,0.007080078125
block,B3/S23,64,96,0.005,11,block:noise:11,7,false,20,0.005859375
block,B3/S23,64,96,0.005,12,block:noise:12,11,false,116,0.029296875
block,B3/S23,64,96,0.005,13,block:noise:13,6,false,21,0.005615234375
block,B3/S23,64,96,0.005,14,block:noise:14,4,false,14,0.00439453125
block,B3/S23,64,96,0.005,15,block:noise:15,1,false,51,0.013427734375
block,B3/S23,64,96,0.005,16,block:noise:16,8,false,15,0.004638671875
block,B3/S23,64,96,0.005,17,block:noise:17,5,false,82,0.01953125
block,B3/S23,64,96,0.005,18,block:noise:18,2,false,19,0.005615234375
block,B3/S23,64,96,0.005,19,block:noise:19,2,false,91,0.023193359375
block,B3/S23,64,96,0.005,20,block:noise:20,3,false,17,0.005126953125
block,B3/S23,64,96,0.005,21,block:noise:21,4,false,58,0.01513671875
block,B3/S23,64,96,0.005,22,block:noise:22,9,false,18,0.00537109375
block,B3/S23,64,96,0.005,23,block:noise:23,2,false,19,0.005615234375
block,B3/S23,64,96,0.005,24,block:noise:24,11,false,21,0.006103515625
block,B3/S23,64,96,0.005,25,block:noise:25,19,false,14,0.00439453125
block,B3/S23,64,96,0.005,26,block:noise:26,1,false,12,0.00390625
block,B3/S23,64,96,0.005,27,block:noise:27,10,false,94,0.02392578125
block,B3/S23,64,96,0.005,28,block:noise:28,11,false,24,0.0068359375
block,B3/S23,64,96,0.005,29,block:noise:29,12,false,27,0.007568359375
block,B3/S23,64,96,0.005,30,block:noise:30,4,false,75,0.019287109375
block,B3/S23,64,96,0.005,31,block:noise:31,4,false,120,0.029296875
block,B3/S23,64,96,0.005,32,block:noise:32,8,false,17,0.005126953125
block,B3/S23,64,96,0.005,33,block:noise:33,2,false,22,0.00634765625
block,B3/S23,64,96,0.005,34,block:noise:34,2,false,16,0.0048828125
block,B3/S23,64,96,0.005,35,block:noise:35,11,false,53,0.013916015625
block,B3/S23,64,96,0.005,36,block:noise:36,5,false,27,0.007568359375
block,B3/S23,64,96,0.005,37,block:noise:37,15,false,16,0.0048828125
block,B3/S23,64,96,0.005,38,block:noise:38,4,false,58,0.01513671875
block,B3/S23,64,96,0.005,39,block:noise:39,2,false,22,0.00634765625
block,B3/S23,64,96,0.01,0,block:noise:0,8,false,41,0.010986328125
block,B3/S23,64,96,0.01,1,block:noise:1,4,false,36,0.009765625
block,B3/S23,64,96,0.01,2,block:noise:2,4,false,88,0.0224609375
block,B3/S23,64,96,0.01,3,block:noise:3,2,false,35,0.009521484375
block,B3/S23,64,96,0.01,4,block:noise:4,3,false,162,0.0400390625
block,B3/S23,64,96,0.01,5,block:noise:5,2,false,48,0.0126953125
block,B3/S23,64,96,0.01,6,block:noise:6,2,false,70,0.01806640625
block,B3/S23,64,96,0.01,7,block:noise:7,9,false,39,0.010498046875
block,B3/S23,64,96,0.01,8,block:noise:8,2,false,99,0.025146484375
block,B3/S23,64,96,0.01,9,block:noise:9,7,false,44,0.01171875
block,B3/S23,64,96,0.01,10,block:noise:10,2,false,58,0.01513671875
block,B3/S23,64,96,0.01,11,block:noise:11,4,false,134,0.033203125
block,B3/S23,64,96,0.01,12,block:noise:12,11,false,165,0.040771484375
block,B3/S23,64,96,0.01,13,block:noise:13,5,false,51,0.012939453125
block,B3/S23,64,96,0.01,14,block:noise:14,1,false,81,0.020263671875
block,B3/S23,64,96,0.01,15,block:noise:15,1,false,135,0.032958984375
block,B3/S23,64,96,0.01,16,block:noise:16,4,false,132,0.033203125
block,B3/S23,64,96,0.01,17,block:noise:17,3,false,55,0.014404296875
block,B3/S23,64,96,0.01,18,block:noise:18,2,false,162,0.04052734375
block,B3/S23,64,96,0.01,19,block:noise:19,2,false,75,0.019287109375
block,B3/S23,64,96,0.01,20,block:noise:20,3,false,43,0.011474609375
block,B3/S23,64,96,0.01,21,block:noise:21,2,false,118,0.02880859375
block,B3/S23,64,96,0.01,22,block:noise:22,4,false,124,0.02978515625
block,B3/S23,64,96,0.01,23,block:noise:23,2,false,38,0.01025390625
block,B3/S23,64,96,0.01,24,block:noise:24,3,false,92,0.0234375
block,B3/S23,64,96,0.01,25,block:noise:25,5,false,102,0.02587890625
block,B3/S23,64,96,0.01,26,block:noise:26,1,false,102,0.02587890625
block,B3/S23,64,96,0.01,27,block:noise:27,10,false,59,0.015380859375
block,B3/S23,64,96,0.01,28,block:noise:28,3,false,54,0.01416015625
block,B3/S23,64,96,0.01,29,block:noise:29,11,false,48,0.0126953125
block,B3/S23,64,96,0.01,30,block:noise:30,4,false,54,0.013671875
block,B3/S23,64,96,0.01,31,block:noise:31,4,false,152,0.03759765625
block,B3/S23,64,96,0.01,32,block:noise:32,5,false,147,0.036376953125
block,B3/S23,64,96,0.01,33,block:noise:33,2,false,126,0.03173828125
block,B3/S23,64,96,0.01,34,block:noise:34,2,false,88,0.0224609375
block,B3/S23,64,96,0.01,35,block:noise:35,6,false,79,0.020263671875
block,B3/S23,64,96,0.01,36,block:noise:36,2,false,148,0.03662109375
block,B3/S23,64,96,0.01,37,block:noise:37,8,false,53,0.013916015625
block,B3/S23,64,96,0.01,38,block:noise:38,4,false,58,0.01513671875
block,B3/S23,64,96,0.01,39,block:noise:39,2,false,55,0.014404296875
blinker,B3/S23,64,96,0,0,blinker:noise:0,,true,3,0
blinker,B3/S23,64,96,0,1,blinker:noise:1,,true,3,0
blinker,B3/S23,64,96,0,2,blinker:noise:2,,true,3,0
blinker,B3/S23,64,96,0,3,blinker:noise:3,,true,3,0
blinker,B3/S23,64,96,0,4,blinker:noise:4,,true,3,0
blinker,B3/S23,64,96,0,5,blinker:noise:5,,true,3,0
blinker,B3/S23,64,96,0,6,blinker:noise:6,,true,3,0
blinker,B3/S23,64,96,0,7,blinker:noise:7,,true,3,0
blinker,B3/S23,64,96,0,8,blinker:noise:8,,true,3,0
blinker,B3/S23,64,96,0,9,blinker:noise:9,,true,3,0
blinker,B3/S23,64,96,0,10,blinker:noise:10,,true,3,0
blinker,B3/S23,64,96,0,11,blinker:noise:11,,true,3,0
blinker,B3/S23,64,96,0,12,blinker:noise:12,,true,3,0
blinker,B3/S23,64,96,0,13,blinker:noise:13,,true,3,0
blinker,B3/S23,64,96,0,14,blinker:noise:14,,true,3,0
blinker,B3/S23,64,96,0,15,blinker:noise:15,,true,3,0
blinker,B3/S23,64,96,0,16,blinker:noise:16,,true,3,0
blinker,B3/S23,64,96,0,17,blinker:noise:17,,true,3,0
blinker,B3/S23,64,96,0,18,blinker:noise:18,,true,3,0
blinker,B3/S23,64,96,0,19,blinker:noise:19,,true,3,0
blinker,B3/S23,64,96,0,20,blinker:noise:20,,true,3,0
blinker,B3/S23,64,96,0,21,blinker:noise:21,,true,3,0
blinker,B3/S23,64,96,0,22,blinker:noise:22,,true,3,0
blinker,B3/S23,64,96,0,23,blinker:noise:23,,true,3,0
blinker,B3/S23,64,96,0,24,blinker:noise:24,,true,3,0
blinker,B3/S23,64,96,0,25,blinker:noise:25,,true,3,0
blinker,B3/S23,64,96,0,26,blinker:noise:26,,true,3,0
blinker,B3/S23,64,96,0,27,blinker:noise:27,,true,3,0
blinker,B3/S23,64,96,0,28,blinker:noise:28,,true,3,0
blinker,B3/S23,64,96,0,29,blinker:noise:29,,true,3,0
blinker,B3/S23,64,96,0,30,blinker:noise:30,,true,3,0
blinker,B3/S23,64,96,0,31,blinker:noise:31,,true,3,0
blinker,B3/S23,64,96,0,32,blinker:noise:32,,true,3,0
blinker,B3/S23,64,96,0,33,blinker:noise:33,,true,3,0
blinker,B3/S23,64,96,0,34,blinker:noise:34,,true,3,0
blinker,B3/S23,64,96,0,35,blinker:noise:35,,true,3,0
blinker,B3/S23,64,96,0,36,blinker:noise:36,,true,3,0
blinker,B3/S23,64,96,0,37,blinker:noise:37,,true,3,0
blinker,B3/S23,64,96,0,38,blinker:noise:38,,true,3,0
blinker,B3/S23,64,96,0,39,blinker:noise:39,,true,3,0
blinker,B3/S23,64,96,0.0001,0,blinker:noise:0,,true,4,0.000244140625
blinker,B3/S23,64,96,0.0001,1,blinker:noise:1,,true,3,0
blinker,B3/S23,64,96,0.0001,2,blinker:noise:2,,true,4,0.000244140625
blinker,B3/S23,64,96,0.0001,3,blinker:noise:3,14,false,1,0.0009765625
blinker,B3/S23,64,96,0.0001,4,blinker:noise:4,,true,5,0.00048828125
blinker,B3/S23,64,96,0.0001,5,blinker:noise:5,,true,4,0.000244140625
blinker,B3/S23,64,96,0.0001,6,blinker:noise:6,,true,3,0
blinker,B3/S23,64,96,0.0001,7,blinker:noise:7,,true,4,0.000244140625
blinker,B3/S23,64,96,0.0001,8,blinker:noise:8,,true,5,0.00048828125
blinker,B3/S23,64,96,0.0001,9,blinker:noise:9,,true,5,0.00048828125
blinker,B3/S23,64,96,0.0001,10,blinker:noise:10,,true,4,0.000244140625
blinker,B3/S23,64,96,0.0001,11,blinker:noise:11,,true,4,0.000244140625
blinker,B3/S23,64,96,0.0001,12,blinker:noise:12,,true,3,0
blinker,B3/S23,64,96,0.0001,13,blinker:noise:13,,true,3,0
blinker,B3/S23,64,96,0.0001,14,blinker:noise:14,,true,4,0.000244140625
blinker,B3/S23,64,96,0.0001,15,blinker:noise:15,,true,4,0.000244140625
blinker,B3/S23,64,96,0.0001,16,blinker:noise:16,44,false,1,0.0009765625
blinker,B3/S23,64,96,0.0001,17,blinker:noise:17,48,false,2,0.001220703125
blinker,B3/S23,64,96,0.0001,18,blinker:noise:18,,true,4,0.000244140625
blinker,B3/S23,64,96,0.0001,19,blinker:noise:19,,true,3,0
blinker,B3/S23,64,96,0.0001,20,blinker:noise:20,,true,3,0
blinker,B3/S23,64,96,0.0001,21,blinker:noise:21,,true,3,0
blinker,B3/S23,64,96,0.0001,22,blinker:noise:22,42,false,6,0.001708984375
blinker,B3/S23,64,96,0.0001,23,blinker:noise:23,75,false,9,0.001953125
blinker,B3/S23,64,96,0.0001,24,blinker:noise:24,,true,3,0
blinker,B3/S23,64,96,0.0001,25,blinker:noise:25,,true,3,0
blinker,B3/S23,64,96,0.0001,26,blinker:noise:26,,true,3,0
blinker,B3/S23,64,96,0.0001,27,blinker:noise:27,,true,3,0
blinker,B3/S23,64,96,0.0001,28,blinker:noise:28,34,false,0,0.000732421875
blinker,B3/S23,64,96,0.0001,29,blinker:noise:29,,true,4,0.000244140625
blinker,B3/S23,64,96,0.0001,30,blinker:noise:30,,true,4,0.000244140625
blinker,B3/S23,64,96,0.0001,31,blinker:noise:31,,true,3,0
blinker,B3/S23,64,96,0.0001,32,blinker:noise:32,,true,3,0
blinker,B3/S23,64,96,0.0001,33,blinker:noise:33,,true,3,0
blinker,B3/S23,64,96,0.0001,34,blinker:noise:34,,true,4,0.000244140625
blinker,B3/S23,64,96,0.0001,35,blinker:noise:35,,true,3,0
blinker,B3/S23,64,96,0.0001,36,blinker:noise:36,,true,3,0
blinker,B3/S23,64,96,0.0001,37,blinker:noise:37,,true,3,0
blinker,B3/S23,64,96,0.0001,38,blinker:noise:38,,true,3,0
blinker,B3/S23,64,96,0.0001,39,blinker:noise:39,,true,3,0
blinker,B3/S23,64,96,0.0005,0,blinker:noise:0,1,false,3,0.00146484375
blinker,B3/S23,64,96,0.0005,1,blinker:noise:1,,true,5,0.00048828125
blinker,B3/S23,64,96,0.0005,2,blinker:noise:2,12,false,10,0.002685546875
blinker,B3/S23,64,96,0.0005,3,blinker:noise:3,14,false,2,0.001220703125
blinker,B3/S23,64,96,0.0005,4,blinker:noise:4,42,false,2,0.001220703125
blinker,B3/S23,64,96,0.0005,5,blinker:noise:5,,true,8,0.001220703125
blinker,B3/S23,64,96,0.0005,6,blinker:noise:6,,true,6,0.000732421875
blinker,B3/S23,64,96,0.0005,7,blinker:noise:7,11,false,2,0.001220703125
blinker,B3/S23,64,96,0.0005,8,blinker:noise:8,83,false,3,0.00146484375
blinker,B3/S23,64,96,0.0005,9,blinker:noise:9,,true,6,0.000732421875
blinker,B3/S23,64,96,0.0005,10,blinker:noise:10,25,false,1,0.0009765625
blinker,B3/S23,64,96,0.0005,11,blinker:noise:11,28,false,5,0.001953125
blinker,B3/S23,64,96,0.0005,12,blinker:noise:12,24,false,69,0.017578125
blinker,B3/S23,64,96,0.0005,13,blinker:noise:13,25,false,0,0.000732421875
blinker,B3/S23,64,96,0.0005,14,blinker:noise:14,21,false,7,0.00146484375
blinker,B3/S23,64,96,0.0005,15,blinker:noise:15,,true,6,0.000732421875
blinker,B3/S23,64,96,0.0005,16,blinker:noise:16,44,false,2,0.001220703125
blinker,B3/S23,64,96,0.0005,17,blinker:noise:17,44,false,58,0.014892578125
blinker,B3/S23,64,96,0.0005,18,blinker:noise:18,,true,5,0.00048828125
blinker,B3/S23,64,96,0.0005,19,blinker:noise:19,,true,5,0.00048828125
blinker,B3/S23,64,96,0.0005,20,blinker:noise:20,,true,3,0
blinker,B3/S23,64,96,0.0005,21,blinker:noise:21,3,false,16,0.003662109375
blinker,B3/S23,64,96,0.0005,22,blinker:noise:22,42,false,9,0.00244140625
blinker,B3/S23,64,96,0.0005,23,blinker:noise:23,56,false,0,0.000732421875
blinker,B3/S23,64,96,0.0005,24,blinker:noise:24,40,false,0,0.000732421875
blinker,B3/S23,64,96,0.0005,25,blinker:noise:25,22,false,1,0.0009765625
blinker,B3/S23,64,96,0.0005,26,blinker:noise:26,,true,5,0.00048828125
blinker,B3/S23,64,96,0.0005,27,blinker:noise:27,7,false,1,0.0009765625
blinker,B3/S23,64,96,0.0005,28,blinker:noise:28,8,false,4,0.001708984375
blinker,B3/S23,64,96,0.0005,29,blinker:noise:29,,true,5,0.00048828125
blinker,B3/S23,64,96,0.0005,30,blinker:noise:30,,true,4,0.000244140625
blinker,B3/S23,64,96,0.0005,31,blinker:noise:31,4,false,7,0.001953125
blinker,B3/S23,64,96,0.0005,32,blinker:noise:32,12,false,1,0.0009765625
blinker,B3/S23,64,96,0.0005,33,blinker:noise:33,49,false,20,0.005615234375
blinker,B3/S23,64,96,0.0005,34,blinker:noise:34,80,false,4,0.001708984375
blinker,B3/S23,64,96,0.0005,35,blinker:noise:35,,true,4,0.000244140625
blinker,B3/S23,64,96,0.0005,36,blinker:noise:36,82,false,6,0.001708984375
blinker,B3/S23,64,96,0.0005,37,blinker:noise:37,,true,5,0.00048828125
blinker,B3/S23,64,96,0.0005,38,blinker:noise:38,62,false,0,0.000732421875
blinker,B3/S23,64,96,0.0005,39,blinker:noise:39,55,false,3,0.00146484375
blinker,B3/S23,64,96,0.001,0,blinker:noise:0,1,false,8,0.002685546875
blinker,B3/S23,64,96,0.001,1,blinker:noise:1,,true,9,0.00146484375
blinker,B3/S23,64,96,0.001,2,blinker:noise:2,12,false,5,0.001953125
blinker,B3/S23,64,96,0.001,3,blinker:noise:3,14,false,2,0.001220703125
blinker,B3/S23,64,96,0.001,4,blinker:noise:4,21,false,2,0.001220703125
blinker,B3/S23,64,96,0.001,5,blinker:noise:5,,true,11,0.001953125
blinker,B3/S23,64,96,0.001,6,blinker:noise:6,,true,7,0.0009765625
blinker,B3/S23,64,96,0.001,7,blinker:noise:7,11,false,2,0.001220703125
blinker,B3/S23,64,96,0.001,8,blinker:noise:8,64,false,5,0.001953125
blinker,B3/S23,64,96,0.001,9,blinker:noise:9,7,false,6,0.002197265625
blinker,B3/S23,64,96,0.001,10,blinker:noise:10,25,false,5,0.001953125
blinker,B3/S23,64,96,0.001,11,blinker:noise:11,28,false,9,0.0029296875
blinker,B3/S23,64,96,0.001,12,blinker:noise:12,5,false,0,0.000732421875
blinker,B3/S23,64,96,0.001,13,blinker:noise:13,12,false,2,0.001220703125
blinker,B3/S23,64,96,0.001,14,blinker:noise:14,21,false,3,0.00146484375
blinker,B3/S23,64,96,0.001,15,blinker:noise:15,,true,10,0.001708984375
blinker,B3/S23,64,96,0.001,16,blinker:noise:16,44,false,5,0.001953125
blinker,B3/S23,64,96,0.001,17,blinker:noise:17,6,false,4,0.001708984375
blinker,B3/S23,64,96,0.001,18,blinker:noise:18,24,false,3,0.00146484375
blinker,B3/S23,64,96,0.001,19,blinker:noise:19,,true,8,0.001220703125
blinker,B3/S23,64,96,0.001,20,blinker:noise:20,62,false,0,0.000732421875
blinker,B3/S23,64,96,0.001,21,blinker:noise:21,3,false,60,0.014892578125
blinker,B3/S23,64,96,0.001,22,blinker:noise:22,16,false,41,0.0107421875
blinker,B3/S23,64,96,0.001,23,blinker:noise:23,2,false,1,0.0009765625
blinker,B3/S23,64,96,0.001,24,blinker:noise:24,40,false,3,0.00146484375
blinker,B3/S23,64,96,0.001,25,blinker:noise:25,22,false,1,0.0009765625
blinker,B3/S23,64,96,0.001,26,blinker:noise:26,,true,6,0.000732421875
blinker,B3/S23,64,96,0.001,27,blinker:noise:27,7,false,5,0.001953125
blinker,B3/S23,64,96,0.001,28,blinker:noise:28,8,false,6,0.002197265625
blinker,B3/S23,64,96,0.001,29,blinker:noise:29,20,false,23,0.005859375
blinker,B3/S23,64,96,0.001,30,blinker:noise:30,32,false,3,0.00146484375
blinker,B3/S23,64,96,0.001,31,blinker:noise:31,4,false,5,0.00146484375
blinker,B3/S23,64,96,0.001,32,blinker:noise:32,12,false,3,0.00146484375
blinker,B3/S23,64,96,0.001,33,blinker:noise:33,32,false,3,0.00146484375
blinker,B3/S23,64,96,0.001,34,blinker:noise:34,2,false,10,0.003173828125
blinker,B3/S23,64,96,0.001,35,blinker:noise:35,19,false,24,0.006591796875
blinker,B3/S23,64,96,0.001,36,blinker:noise:36,82,false,15,0.00439453125
blinker,B3/S23,64,96,0.001,37,blinker:noise:37,51,false,14,0.004150390625
blinker,B3/S23,64,96,0.001,38,blinker:noise:38,62,false,2,0.001220703125
blinker,B3/S23,64,96,0.001,39,blinker:noise:39,23,false,7,0.00244140625
blinker,B3/S23,64,96,0.005,0,blinker:noise:0,1,false,27,0.00732421875
blinker,B3/S23,64,96,0.005,1,blinker:noise:1,10,false,53,0.01318359375
blinker,B3/S23,64,96,0.005,2,blinker:noise:2,5,false,26,0.007080078125
blinker,B3/S23,64,96,0.005,3,blinker:noise:3,14,false,58,0.014892578125
blinker,B3/S23,64,96,0.005,4,blinker:noise:4,1,false,23,0.00634765625
blinker,B3/S23,64,96,0.005,5,blinker:noise:5,4,false,30,0.008056640625
blinker,B3/S23,64,96,0.005,6,blinker:noise:6,7,false,19,0.00537109375
blinker,B3/S23,64,96,0.005,7,blinker:noise:7,9,false,59,0.01513671875
blinker,B3/S23,64,96,0.005,8,blinker:noise:8,10,false,22,0.006103515625
blinker,B3/S23,64,96,0.005,9,blinker:noise:9,3,false,20,0.005615234375
blinker,B3/S23,64,96,0.005,10,blinker:noise:10,5,false,18,0.005126953125
blinker,B3/S23,64,96,0.005,11,blinker:noise:11,28,false,39,0.01025390625
blinker,B3/S23,64,96,0.005,12,blinker:noise:12,5,false,16,0.004638671875
blinker,B3/S23,64,96,0.005,13,blinker:noise:13,2,false,24,0.006591796875
blinker,B3/S23,64,96,0.005,14,blinker:noise:14,2,false,20,0.005615234375
blinker,B3/S23,64,96,0.005,15,blinker:noise:15,12,false,29,0.0078125
blinker,B3/S23,64,96,0.005,16,blinker:noise:16,7,false,21,0.005859375
blinker,B3/S23,64,96,0.005,17,blinker:noise:17,6,false,18,0.005126953125
blinker,B3/S23,64,96,0.005,18,blinker:noise:18,16,false,15,0.00439453125
blinker,B3/S23,64,96,0.005,19,blinker:noise:19,2,false,19,0.00537109375
blinker,B3/S23,64,96,0.005,20,blinker:noise:20,2,false,26,0.007080078125
blinker,B3/S23,64,96,0.005,21,blinker:noise:21,3,false,40,0.010498046875
blinker,B3/S23,64,96,0.005,22,blinker:noise:22,4,false,19,0.00537109375
blinker,B3/S23,64,96,0.005,23,blinker:noise:23,2,false,23,0.00634765625
blinker,B3/S23,64,96,0.005,24,blinker:noise:24,6,false,16,0.004638671875
blinker,B3/S23,64,96,0.005,25,blinker:noise:25,4,false,23,0.00634765625
blinker,B3/S23,64,96,0.005,26,blinker:noise:26,27,false,19,0.00537109375
blinker,B3/S23,64,96,0.005,27,blinker:noise:27,7,false,27,0.00732421875
blinker,B3/S23,64,96,0.005,28,blinker:noise:28,8,false,70,0.017822265625
blinker,B3/S23,64,96,0.005,29,blinker:noise:29,12,false,27,0.00732421875
blinker,B3/S23,64,96,0.005,30,blinker:noise:30,6,false,78,0.019775390625
blinker,B3/S23,64,96,0.005,31,blinker:noise:31,4,false,10,0.003173828125
blinker,B3/S23,64,96,0.005,32,blinker:noise:32,1,false,51,0.0126953125
blinker,B3/S23,64,96,0.005,33,blinker:noise:33,11,false,24,0.006591796875
blinker,B3/S23,64,96,0.005,34,blinker:noise:34,2,false,79,0.01953125
blinker,B3/S23,64,96,0.005,35,blinker:noise:35,1,false,80,0.020263671875
blinker,B3/S23,64,96,0.005,36,blinker:noise:36,4,false,21,0.005859375
blinker,B3/S23,64,96,0.005,37,blinker:noise:37,12,false,27,0.00732421875
blinker,B3/S23,64,96,0.005,38,blinker:noise:38,6,false,18,0.005126953125
blinker,B3/S23,64,96,0.005,39,blinker:noise:39,6,false,39,0.01025390625
blinker,B3/S23,64,96,0.01,0,blinker:noise:0,1,false,58,0.014892578125
blinker,B3/S23,64,96,0.01,1,blinker:noise:1,3,false,35,0.00927734375
blinker,B3/S23,64,96,0.01,2,blinker:noise:2,1,false,145,0.0361328125
blinker,B3/S23,64,96,0.01,3,blinker:noise:3,2,false,83,0.02099609375
blinker,B3/S23,64,96,0.01,4,blinker:noise:4,1,false,97,0.0244140625
blinker,B3/S23,64,96,0.01,5,blinker:noise:5,4,false,55,0.01416015625
blinker,B3/S23,64,96,0.01,6,blinker:noise:6,3,false,31,0.00830078125
blinker,B3/S23,64,96,0.01,7,blinker:noise:7,8,false,88,0.022216796875
blinker,B3/S23,64,96,0.01,8,blinker:noise:8,5,false,49,0.0126953125
blinker,B3/S23,64,96,0.01,9,blinker:noise:9,3,false,49,0.0126953125
blinker,B3/S23,64,96,0.01,10,blinker:noise:10,2,false,42,0.010986328125
blinker,B3/S23,64,96,0.01,11,blinker:noise:11,1,false,72,0.017822265625
blinker,B3/S23,64,96,0.01,12,blinker:noise:12,5,false,38,0.010009765625
blinker,B3/S23,64,96,0.01,13,blinker:noise:13,2,false,39,0.01025390625
blinker,B3/S23,64,96,0.01,14,blinker:noise:14,2,false,59,0.01513671875
blinker,B3/S23,64,96,0.01,15,blinker:noise:15,1,false,63,0.01611328125
blinker,B3/S23,64,96,0.01,16,blinker:noise:16,4,false,46,0.011962890625
blinker,B3/S23,64,96,0.01,17,blinker:noise:17,3,false,37,0.009765625
blinker,B3/S23,64,96,0.01,18,blinker:noise:18,9,false,34,0.009033203125
blinker,B3/S23,64,96,0.01,19,blinker:noise:19,2,false,77,0.01953125
blinker,B3/S23,64,96,0.01,20,blinker:noise:20,2,false,66,0.016845703125
blinker,B3/S23,64,96,0.01,21,blinker:noise:21,3,false,46,0.011962890625
blinker,B3/S23,64,96,0.01,22,blinker:noise:22,4,false,169,0.0419921875
blinker,B3/S23,64,96,0.01,23,blinker:noise:23,2,false,130,0.032470703125
blinker,B3/S23,64,96,0.01,24,blinker:noise:24,6,false,44,0.011474609375
blinker,B3/S23,64,96,0.01,25,blinker:noise:25,4,false,49,0.0126953125
blinker,B3/S23,64,96,0.01,26,blinker:noise:26,8,false,112,0.028076171875
blinker,B3/S23,64,96,0.01,27,blinker:noise:27,2,false,96,0.024169921875
blinker,B3/S23,64,96,0.01,28,blinker:noise:28,8,false,116,0.028564453125
blinker,B3/S23,64,96,0.01,29,blinker:noise:29,8,false,94,0.023681640625
blinker,B3/S23,64,96,0.01,30,blinker:noise:30,5,false,49,0.0126953125
blinker,B3/S23,64,96,0.01,31,blinker:noise:31,4,false,174,0.043212890625
blinker,B3/S23,64,96,0.01,32,blinker:noise:32,1,false,93,0.0234375
blinker,B3/S23,64,96,0.01,33,blinker:noise:33,2,false,65,0.0166015625
blinker,B3/S23,64,96,0.01,34,blinker:noise:34,2,false,186,0.046142578125
blinker,B3/S23,64,96,0.01,35,blinker:noise:35,1,false,100,0.024658203125
blinker,B3/S23,64,96,0.01,36,blinker:noise:36,4,false,47,0.01220703125
blinker,B3/S23,64,96,0.01,37,blinker:noise:37,12,false,94,0.023681640625
blinker,B3/S23,64,96,0.01,38,blinker:noise:38,4,false,67,0.01708984375
blinker,B3/S23,64,96,0.01,39,blinker:noise:39,1,false,142,0.035400390625
glider,B3/S23,64,96,0,0,glider:noise:0,,true,5,0
glider,B3/S23,64,96,0,1,glider:noise:1,,true,5,0
glider,B3/S23,64,96,0,2,glider:noise:2,,true,5,0
glider,B3/S23,64,96,0,3,glider:noise:3,,true,5,0
glider,B3/S23,64,96,0,4,glider:noise:4,,true,5,0
glider,B3/S23,64,96,0,5,glider:noise:5,,true,5,0
glider,B3/S23,64,96,0,6,glider:noise:6,,true,5,0
glider,B3/S23,64,96,0,7,glider:noise:7,,true,5,0
glider,B3/S23,64,96,0,8,glider:noise:8,,true,5,0
glider,B3/S23,64,96,0,9,glider:noise:9,,true,5,0
glider,B3/S23,64,96,0,10,glider:noise:10,,true,5,0
glider,B3/S23,64,96,0,11,glider:noise:11,,true,5,0
glider,B3/S23,64,96,0,12,glider:noise:12,,true,5,0
glider,B3/S23,64,96,0,13,glider:noise:13,,true,5,0
glider,B3/S23,64,96,0,14,glider:noise:14,,true,5,0
glider,B3/S23,64,96,0,15,glider:noise:15,,true,5,0
glider,B3/S23,64,96,0,16,glider:noise:16,,true,5,0
glider,B3/S23,64,96,0,17,glider:noise:17,,true,5,0
glider,B3/S23,64,96,0,18,glider:noise:18,,true,5,0
glider,B3/S23,64,96,0,19,glider:noise:19,,true,5,0
glider,B3/S23,64,96,0,20,glider:noise:20,,true,5,0
glider,B3/S23,64,96,0,21,glider:noise:21,,true,5,0
glider,B3/S23,64,96,0,22,glider:noise:22,,true,5,0
glider,B3/S23,64,96,0,23,glider:noise:23,,true,5,0
glider,B3/S23,64,96,0,24,glider:noise:24,,true,5,0
glider,B3/S23,64,96,0,25,glider:noise:25,,true,5,0
glider,B3/S23,64,96,0,26,glider:noise:26,,true,5,0
glider,B3/S23,64,96,0,27,glider:noise:27,,true,5,0
glider,B3/S23,64,96,0,28,glider:noise:28,,true,5,0
glider,B3/S23,64,96,0,29,glider:noise:29,,true,5,0
glider,B3/S23,64,96,0,30,glider:noise:30,,true,5,0
glider,B3/S23,64,96,0,31,glider:noise:31,,true,5,0
glider,B3/S23,64,96,0,32,glider:noise:32,,true,5,0
glider,B3/S23,64,96,0,33,glider:noise:33,,true,5,0
glider,B3/S23,64,96,0,34,glider:noise:34,,true,5,0
glider,B3/S23,64,96,0,35,glider:noise:35,,true,5,0
glider,B3/S23,64,96,0,36,glider:noise:36,,true,5,0
glider,B3/S23,64,96,0,37,glider:noise:37,,true,5,0
glider,B3/S23,64,96,0,38,glider:noise:38,,true,5,0
glider,B3/S23,64,96,0,39,glider:noise:39,,true,5,0
glider,B3/S23,64,96,0.0001,0,glider:noise:0,,true,5,0
glider,B3/S23,64,96,0.0001,1,glider:noise:1,,true,5,0
glider,B3/S23,64,96,0.0001,2,glider:noise:2,61,false,4,0.002197265625
glider,B3/S23,64,96,0.0001,3,glider:noise:3,16,false,0,0.001220703125
glider,B3/S23,64,96,0.0001,4,glider:noise:4,,true,6,0.000244140625
glider,B3/S23,64,96,0.0001,5,glider:noise:5,,true,5,0
glider,B3/S23,64,96,0.0001,6,glider:noise:6,63,false,1,0.00146484375
glider,B3/S23,64,96,0.0001,7,glider:noise:7,,true,6,0.000244140625
glider,B3/S23,64,96,0.0001,8,glider:noise:8,31,false,0,0.001220703125
glider,B3/S23,64,96,0.0001,9,glider:noise:9,,true,5,0
glider,B3/S23,64,96,0.0001,10,glider:noise:10,,true,5,0
glider,B3/S23,64,96,0.0001,11,glider:noise:11,,true,5,0
glider,B3/S23,64,96,0.0001,12,glider:noise:12,,true,5,0
glider,B3/S23,64,96,0.0001,13,glider:noise:13,,true,5,0
glider,B3/S23,64,96,0.0001,14,glider:noise:14,,true,5,0
glider,B3/S23,64,96,0.0001,15,glider:noise:15,81,false,6,0.002685546875
glider,B3/S23,64,96,0.0001,16,glider:noise:16,49,false,121,0.03076171875
glider,B3/S23,64,96,0.0001,17,glider:noise:17,,true,5,0
glider,B3/S23,64,96,0.0001,18,glider:noise:18,87,false,6,0.002685546875
glider,B3/S23,64,96,0.0001,19,glider:noise:19,,true,5,0
glider,B3/S23,64,96,0.0001,20,glider:noise:20,,true,5,0
glider,B3/S23,64,96,0.0001,21,glider:noise:21,,true,6,0.000244140625
glider,B3/S23,64,96,0.0001,22,glider:noise:22,71,false,39,0.0107421875
glider,B3/S23,64,96,0.0001,23,glider:noise:23,,true,6,0.000244140625
glider,B3/S23,64,96,0.0001,24,glider:noise:24,,true,5,0
glider,B3/S23,64,96,0.0001,25,glider:noise:25,,true,6,0.000244140625
glider,B3/S23,64,96,0.0001,26,glider:noise:26,,true,5,0
glider,B3/S23,64,96,0.0001,27,glider:noise:27,,true,5,0
glider,B3/S23,64,96,0.0001,28,glider:noise:28,,true,5,0
glider,B3/S23,64,96,0.0001,29,glider:noise:29,,true,7,0.00048828125
glider,B3/S23,64,96,0.0001,30,glider:noise:30,10,false,26,0.007568359375
glider,B3/S23,64,96,0.0001,31,glider:noise:31,,true,5,0
glider,B3/S23,64,96,0.0001,32,glider:noise:32,,true,5,0
glider,B3/S23,64,96,0.0001,33,glider:noise:33,3,false,53,0.01416015625
glider,B3/S23,64,96,0.0001,34,glider:noise:34,86,false,11,0.0029296875
glider,B3/S23,64,96,0.0001,35,glider:noise:35,,true,5,0
glider,B3/S23,64,96,0.0001,36,glider:noise:36,,true,6,0.000244140625
glider,B3/S23,64,96,0.0001,37,glider:noise:37,14,false,0,0.001220703125
glider,B3/S23,64,96,0.0001,38,glider:noise:38,,true,5,0
glider,B3/S23,64,96,0.0001,39,glider:noise:39,,true,5,0
glider,B3/S23,64,96,0.0005,0,glider:noise:0,18,false,25,0.00732421875
glider,B3/S23,64,96,0.0005,1,glider:noise:1,,true,11,0.00146484375
glider,B3/S23,64,96,0.0005,2,glider:noise:2,61,false,6,0.002197265625
glider,B3/S23,64,96,0.0005,3,glider:noise:3,16,false,1,0.00146484375
glider,B3/S23,64,96,0.0005,4,glider:noise:4,17,false,3,0.001953125
glider,B3/S23,64,96,0.0005,5,glider:noise:5,20,false,67,0.017578125
glider,B3/S23,64,96,0.0005,6,glider:noise:6,5,false,1,0.00146484375
glider,B3/S23,64,96,0.0005,7,glider:noise:7,44,false,2,0.001708984375
glider,B3/S23,64,96,0.0005,8,glider:noise:8,31,false,3,0.001953125
glider,B3/S23,64,96,0.0005,9,glider:noise:9,36,false,3,0.001953125
glider,B3/S23,64,96,0.0005,10,glider:noise:10,,true,6,0.000244140625
glider,B3/S23,64,96,0.0005,11,glider:noise:11,,true,7,0.00048828125
glider,B3/S23,64,96,0.0005,12,glider:noise:12,14,false,2,0.001708984375
glider,B3/S23,64,96,0.0005,13,glider:noise:13,,true,7,0.00048828125
glider,B3/S23,64,96,0.0005,14,glider:noise:14,,true,8,0.000732421875
glider,B3/S23,64,96,0.0005,15,glider:noise:15,21,false,9,0.00341796875
glider,B3/S23,64,96,0.0005,16,glider:noise:16,3,false,21,0.00634765625
glider,B3/S23,64,96,0.0005,17,glider:noise:17,91,false,8,0.001708984375
glider,B3/S23,64,96,0.0005,18,glider:noise:18,87,false,7,0.0029296875
glider,B3/S23,64,96,0.0005,19,glider:noise:19,,true,6,0.000244140625
glider,B3/S23,64,96,0.0005,20,glider:noise:20,,true,5,0
glider,B3/S23,64,96,0.0005,21,glider:noise:21,,true,8,0.000732421875
glider,B3/S23,64,96,0.0005,22,glider:noise:22,71,false,10,0.003662109375
glider,B3/S23,64,96,0.0005,23,glider:noise:23,5,false,47,0.0126953125
glider,B3/S23,64,96,0.0005,24,glider:noise:24,6,false,36,0.010009765625
glider,B3/S23,64,96,0.0005,25,glider:noise:25,77,false,50,0.013427734375
glider,B3/S23,64,96,0.0005,26,glider:noise:26,39,true,6,0.000244140625
glider,B3/S23,64,96,0.0005,27,glider:noise:27,67,false,24,0.007080078125
glider,B3/S23,64,96,0.0005,28,glider:noise:28,,true,7,0.00048828125
glider,B3/S23,64,96,0.0005,29,glider:noise:29,26,false,3,0.001953125
glider,B3/S23,64,96,0.0005,30,glider:noise:30,10,false,74,0.019287109375
glider,B3/S23,64,96,0.0005,31,glider:noise:31,,true,8,0.000732421875
glider,B3/S23,64,96,0.0005,32,glider:noise:32,38,false,102,0.026123046875
glider,B3/S23,64,96,0.0005,33,glider:noise:33,3,false,44,0.011962890625
glider,B3/S23,64,96,0.0005,34,glider:noise:34,86,false,13,0.00341796875
glider,B3/S23,64,96,0.0005,35,glider:noise:35,40,false,23,0.0068359375
glider,B3/S23,64,96,0.0005,36,glider:noise:36,,true,7,0.00048828125
glider,B3/S23,64,96,0.0005,37,glider:noise:37,14,false,4,0.002197265625
glider,B3/S23,64,96,0.0005,38,glider:noise:38,,true,5,0
glider,B3/S23,64,96,0.0005,39,glider:noise:39,6,false,1,0.00146484375
glider,B3/S23,64,96,0.001,0,glider:noise:0,18,false,27,0.0078125
glider,B3/S23,64,96,0.001,1,glider:noise:1,,true,16,0.002685546875
glider,B3/S23,64,96,0.001,2,glider:noise:2,61,false,4,0.001708984375
glider,B3/S23,64,96,0.001,3,glider:noise:3,16,false,1,0.00146484375
glider,B3/S23,64,96,0.001,4,glider:noise:4,17,false,6,0.002685546875
glider,B3/S23,64,96,0.001,5,glider:noise:5,20,false,45,0.01220703125
glider,B3/S23,64,96,0.001,6,glider:noise:6,5,false,3,0.001953125
glider,B3/S23,64,96,0.001,7,glider:noise:7,39,false,66,0.017333984375
glider,B3/S23,64,96,0.001,8,glider:noise:8,24,false,24,0.007080078125
glider,B3/S23,64,96,0.001,9,glider:noise:9,36,false,3,0.001953125
glider,B3/S23,64,96,0.001,10,glider:noise:10,15,false,2,0.001708984375
glider,B3/S23,64,96,0.001,11,glider:noise:11,,true,9,0.0009765625
glider,B3/S23,64,96,0.001,12,glider:noise:12,14,false,51,0.013671875
glider,B3/S23,64,96,0.001,13,glider:noise:13,8,false,3,0.001953125
glider,B3/S23,64,96,0.001,14,glider:noise:14,12,false,5,0.00244140625
glider,B3/S23,64,96,0.001,15,glider:noise:15,21,false,3,0.001953125
glider,B3/S23,64,96,0.001,16,glider:noise:16,3,false,119,0.0302734375
glider,B3/S23,64,96,0.001,17,glider:noise:17,63,false,15,0.0048828125
glider,B3/S23,64,96,0.001,18,glider:noise:18,8,false,4,0.002197265625
glider,B3/S23,64,96,0.001,19,glider:noise:19,73,false,6,0.002685546875
glider,B3/S23,64,96,0.001,20,glider:noise:20,53,false,3,0.001953125
glider,B3/S23,64,96,0.001,21,glider:noise:21,2,false,6,0.002685546875
glider,B3/S23,64,96,0.001,22,glider:noise:22,6,false,1,0.00146484375
glider,B3/S23,64,96,0.001,23,glider:noise:23,5,false,140,0.035400390625
glider,B3/S23,64,96,0.001,24,glider:noise:24,6,false,38,0.010498046875
glider,B3/S23,64,96,0.001,25,glider:noise:25,17,false,5,0.00244140625
glider,B3/S23,64,96,0.001,26,glider:noise:26,14,false,33,0.00927734375
glider,B3/S23,64,96,0.001,27,glider:noise:27,2,false,9,0.00341796875
glider,B3/S23,64,96,0.001,28,glider:noise:28,,true,7,0.00048828125
glider,B3/S23,64,96,0.001,29,glider:noise:29,26,false,6,0.002685546875
glider,B3/S23,64,96,0.001,30,glider:noise:30,10,false,65,0.01708984375
glider,B3/S23,64,96,0.001,31,glider:noise:31,,true,11,0.00146484375
glider,B3/S23,64,96,0.001,32,glider:noise:32,20,false,26,0.007568359375
glider,B3/S23,64,96,0.001,33,glider:noise:33,3,false,2,0.001708984375
glider,B3/S23,64,96,0.001,34,glider:noise:34,68,false,8,0.003173828125
glider,B3/S23,64,96,0.001,35,glider:noise:35,39,false,78,0.020263671875
glider,B3/S23,64,96,0.001,36,glider:noise:36,22,false,5,0.00244140625
glider,B3/S23,64,96,0.001,37,glider:noise:37,14,false,5,0.00244140625
glider,B3/S23,64,96,0.001,38,glider:noise:38,10,false,41,0.01123046875
glider,B3/S23,64,96,0.001,39,glider:noise:39,6,false,2,0.001708984375
glider,B3/S23,64,96,0.005,0,glider:noise:0,8,false,26,0.007568359375
glider,B3/S23,64,96,0.005,1,glider:noise:1,7,false,55,0.0146484375
glider,B3/S23,64,96,0.005,2,glider:noise:2,2,false,90,0.022705078125
glider,B3/S23,64,96,0.005,3,glider:noise:3,12,false,22,0.006591796875
glider,B3/S23,64,96,0.005,4,glider:noise:4,8,false,24,0.007080078125
glider,B3/S23,64,96,0.005,5,glider:noise:5,2,false,17,0.00537109375
glider,B3/S23,64,96,0.005,6,glider:noise:6,1,false,26,0.007568359375
glider,B3/S23,64,96,0.005,7,glider:noise:7,5,false,41,0.01123046875
glider,B3/S23,64,96,0.005,8,glider:noise:8,24,false,30,0.008544921875
glider,B3/S23,64,96,0.005,9,glider:noise:9,8,false,18,0.005615234375
glider,B3/S23,64,96,0.005,10,glider:noise:10,3,false,18,0.005615234375
glider,B3/S23,64,96,0.005,11,glider:noise:11,14,false,27,0.0078125
glider,B3/S23,64,96,0.005,12,glider:noise:12,2,false,12,0.003662109375
glider,B3/S23,64,96,0.005,13,glider:noise:13,8,false,17,0.00537109375
glider,B3/S23,64,96,0.005,14,glider:noise:14,4,false,49,0.01318359375
glider,B3/S23,64,96,0.005,15,glider:noise:15,1,false,14,0.004638671875
glider,B3/S23,64,96,0.005,16,glider:noise:16,3,false,16,0.005126953125
glider,B3/S23,64,96,0.005,17,glider:noise:17,11,false,55,0.0146484375
glider,B3/S23,64,96,0.005,18,glider:noise:18,8,false,24,0.007080078125
glider,B3/S23,64,96,0.005,19,glider:noise:19,9,false,104,0.026611328125
glider,B3/S23,64,96,0.005,20,glider:noise:20,2,false,50,0.013427734375
glider,B3/S23,64,96,0.005,21,glider:noise:21,2,false,25,0.00732421875
glider,B3/S23,64,96,0.005,22,glider:noise:22,1,false,22,0.006591796875
glider,B3/S23,64,96,0.005,23,glider:noise:23,3,false,61,0.01611328125
glider,B3/S23,64,96,0.005,24,glider:noise:24,6,false,29,0.00830078125
glider,B3/S23,64,96,0.005,25,glider:noise:25,11,false,19,0.005859375
glider,B3/S23,64,96,0.005,26,glider:noise:26,14,false,18,0.005615234375
glider,B3/S23,64,96,0.005,27,glider:noise:27,2,false,59,0.015625
glider,B3/S23,64,96,0.005,28,glider:noise:28,5,false,24,0.007080078125
glider,B3/S23,64,96,0.005,29,glider:noise:29,15,false,19,0.005859375
glider,B3/S23,64,96,0.005,30,glider:noise:30,5,false,18,0.005615234375
glider,B3/S23,64,96,0.005,31,glider:noise:31,6,false,24,0.007080078125
glider,B3/S23,64,96,0.005,32,glider:noise:32,2,false,15,0.0048828125
glider,B3/S23,64,96,0.005,33,glider:noise:33,1,false,19,0.005859375
glider,B3/S23,64,96,0.005,34,glider:noise:34,10,false,17,0.00537109375
glider,B3/S23,64,96,0.005,35,glider:noise:35,6,false,19,0.005859375
glider,B3/S23,64,96,0.005,36,glider:noise:36,2,false,66,0.017333984375
glider,B3/S23,64,96,0.005,37,glider:noise:37,4,false,16,0.005126953125
glider,B3/S23,64,96,0.005,38,glider:noise:38,1,false,88,0.022705078125
glider,B3/S23,64,96,0.005,39,glider:noise:39,6,false,19,0.005859375
glider,B3/S23,64,96,0.01,0,glider:noise:0,3,false,48,0.012939453125
glider,B3/S23,64,96,0.01,1,glider:noise:1,2,false,45,0.01220703125
glider,B3/S23,64,96,0.01,2,glider:noise:2,2,false,44,0.011474609375
glider,B3/S23,64,96,0.01,3,glider:noise:3,12,false,37,0.01025390625
glider,B3/S23,64,96,0.01,4,glider:noise:4,6,false,78,0.020263671875
glider,B3/S23,64,96,0.01,5,glider:noise:5,2,false,92,0.023681640625
glider,B3/S23,64,96,0.01,6,glider:noise:6,1,false,110,0.028076171875
glider,B3/S23,64,96,0.01,7,glider:noise:7,5,false,74,0.019287109375
glider,B3/S23,64,96,0.01,8,glider:noise:8,2,false,52,0.013916015625
glider,B3/S23,64,96,0.01,9,glider:noise:9,5,false,91,0.0234375
glider,B3/S23,64,96,0.01,10,glider:noise:10,3,false,87,0.0224609375
glider,B3/S23,64,96,0.01,11,glider:noise:11,11,false,119,0.0302734375
glider,B3/S23,64,96,0.01,12,glider:noise:12,2,false,43,0.01123046875
glider,B3/S23,64,96,0.01,13,glider:noise:13,8,false,192,0.048095703125
glider,B3/S23,64,96,0.01,14,glider:noise:14,2,false,48,0.012939453125
glider,B3/S23,64,96,0.01,15,glider:noise:15,1,false,45,0.01220703125
glider,B3/S23,64,96,0.01,16,glider:noise:16,3,false,29,0.00830078125
glider,B3/S23,64,96,0.01,17,glider:noise:17,5,false,140,0.035400390625
glider,B3/S23,64,96,0.01,18,glider:noise:18,8,false,127,0.0322265625
glider,B3/S23,64,96,0.01,19,glider:noise:19,3,false,41,0.01123046875
glider,B3/S23,64,96,0.01,20,glider:noise:20,2,false,37,0.01025390625
glider,B3/S23,64,96,0.01,21,glider:noise:21,2,false,44,0.011962890625
glider,B3/S23,64,96,0.01,22,glider:noise:22,1,false,152,0.038330078125
glider,B3/S23,64,96,0.01,23,glider:noise:23,3,false,130,0.032470703125
glider,B3/S23,64,96,0.01,24,glider:noise:24,1,false,150,0.037841796875
glider,B3/S23,64,96,0.01,25,glider:noise:25,3,false,102,0.026123046875
glider,B3/S23,64,96,0.01,26,glider:noise:26,13,false,56,0.014892578125
glider,B3/S23,64,96,0.01,27,glider:noise:27,1,false,67,0.017578125
glider,B3/S23,64,96,0.01,28,glider:noise:28,2,false,63,0.0166015625
glider,B3/S23,64,96,0.01,29,glider:noise:29,4,false,95,0.0244140625
glider,B3/S23,64,96,0.01,30,glider:noise:30,5,false,61,0.01611328125
glider,B3/S23,64,96,0.01,31,glider:noise:31,1,false,45,0.01220703125
glider,B3/S23,64,96,0.01,32,glider:noise:32,2,false,40,0.010986328125
glider,B3/S23,64,96,0.01,33,glider:noise:33,1,false,74,0.019287109375
glider,B3/S23,64,96,0.01,34,glider:noise:34,6,false,38,0.010498046875
glider,B3/S23,64,96,0.01,35,glider:noise:35,6,false,75,0.01953125
glider,B3/S23,64,96,0.01,36,glider:noise:36,2,false,79,0.02001953125
glider,B3/S23,64,96,0.01,37,glider:noise:37,4,false,91,0.0234375
glider,B3/S23,64,96,0.01,38,glider:noise:38,1,false,128,0.032470703125
glider,B3/S23,64,96,0.01,39,glider:noise:39,1,false,53,0.01416015625
replicator,B36/S23,64,96,0,0,replicator:noise:0,,true,24,0
replicator,B36/S23,64,96,0,1,replicator:noise:1,,true,24,0
replicator,B36/S23,64,96,0,2,replicator:noise:2,,true,24,0
replicator,B36/S23,64,96,0,3,replicator:noise:3,,true,24,0
replicator,B36/S23,64,96,0,4,replicator:noise:4,,true,24,0
replicator,B36/S23,64,96,0,5,replicator:noise:5,,true,24,0
replicator,B36/S23,64,96,0,6,replicator:noise:6,,true,24,0
replicator,B36/S23,64,96,0,7,replicator:noise:7,,true,24,0
replicator,B36/S23,64,96,0,8,replicator:noise:8,,true,24,0
replicator,B36/S23,64,96,0,9,replicator:noise:9,,true,24,0
replicator,B36/S23,64,96,0,10,replicator:noise:10,,true,24,0
replicator,B36/S23,64,96,0,11,replicator:noise:11,,true,24,0
replicator,B36/S23,64,96,0,12,replicator:noise:12,,true,24,0
replicator,B36/S23,64,96,0,13,replicator:noise:13,,true,24,0
replicator,B36/S23,64,96,0,14,replicator:noise:14,,true,24,0
replicator,B36/S23,64,96,0,15,replicator:noise:15,,true,24,0
replicator,B36/S23,64,96,0,16,replicator:noise:16,,true,24,0
replicator,B36/S23,64,96,0,17,replicator:noise:17,,true,24,0
replicator,B36/S23,64,96,0,18,replicator:noise:18,,true,24,0
replicator,B36/S23,64,96,0,19,replicator:noise:19,,true,24,0
replicator,B36/S23,64,96,0,20,replicator:noise:20,,true,24,0
replicator,B36/S23,64,96,0,21,replicator:noise:21,,true,24,0
replicator,B36/S23,64,96,0,22,replicator:noise:22,,true,24,0
replicator,B36/S23,64,96,0,23,replicator:noise:23,,true,24,0
replicator,B36/S23,64,96,0,24,replicator:noise:24,,true,24,0
replicator,B36/S23,64,96,0,25,replicator:noise:25,,true,24,0
replicator,B36/S23,64,96,0,26,replicator:noise:26,,true,24,0
replicator,B36/S23,64,96,0,27,replicator:noise:27,,true,24,0
replicator,B36/S23,64,96,0,28,replicator:noise:28,,true,24,0
replicator,B36/S23,64,96,0,29,replicator:noise:29,,true,24,0
replicator,B36/S23,64,96,0,30,replicator:noise:30,,true,24,0
replicator,B36/S23,64,96,0,31,replicator:noise:31,,true,24,0
replicator,B36/S23,64,96,0,32,replicator:noise:32,,true,24,0
replicator,B36/S23,64,96,0,33,replicator:noise:33,,true,24,0
replicator,B36/S23,64,96,0,34,replicator:noise:34,,true,24,0
replicator,B36/S23,64,96,0,35,replicator:noise:35,,true,24,0
replicator,B36/S23,64,96,0,36,replicator:noise:36,,true,24,0
replicator,B36/S23,64,96,0,37,replicator:noise:37,,true,24,0
replicator,B36/S23,64,96,0,38,replicator:noise:38,,true,24,0
replicator,B36/S23,64,96,0,39,replicator:noise:39,,true,24,0
replicator,B36/S23,64,96,0.0001,0,replicator:noise:0,35,false,47,0.011474609375
replicator,B36/S23,64,96,0.0001,1,replicator:noise:1,60,false,123,0.035888671875
replicator,B36/S23,64,96,0.0001,2,replicator:noise:2,,true,24,0
replicator,B36/S23,64,96,0.0001,3,replicator:noise:3,25,false,49,0.017822265625
replicator,B36/S23,64,96,0.0001,4,replicator:noise:4,45,false,136,0.03515625
replicator,B36/S23,64,96,0.0001,5,replicator:noise:5,13,false,95,0.029052734375
replicator,B36/S23,64,96,0.0001,6,replicator:noise:6,18,false,4,0.0068359375
replicator,B36/S23,64,96,0.0001,7,replicator:noise:7,35,false,19,0.010498046875
replicator,B36/S23,64,96,0.0001,8,replicator:noise:8,88,false,18,0.00244140625
replicator,B36/S23,64,96,0.0001,9,replicator:noise:9,15,false,7,0.007568359375
replicator,B36/S23,64,96,0.0001,10,replicator:noise:10,18,false,93,0.027099609375
replicator,B36/S23,64,96,0.0001,11,replicator:noise:11,21,false,68,0.0224609375
replicator,B36/S23,64,96,0.0001,12,replicator:noise:12,37,false,39,0.009521484375
replicator,B36/S23,64,96,0.0001,13,replicator:noise:13,35,false,41,0.014404296875
replicator,B36/S23,64,96,0.0001,14,replicator:noise:14,22,false,1,0.006103515625
replicator,B36/S23,64,96,0.0001,15,replicator:noise:15,9,false,0,0.005859375
replicator,B36/S23,64,96,0.0001,16,replicator:noise:16,89,true,24,0
replicator,B36/S23,64,96,0.0001,17,replicator:noise:17,,true,25,0.000244140625
replicator,B36/S23,64,96,0.0001,18,replicator:noise:18,51,false,34,0.00830078125
replicator,B36/S23,64,96,0.0001,19,replicator:noise:19,73,true,70,0.01123046875
replicator,B36/S23,64,96,0.0001,20,replicator:noise:20,47,false,112,0.029296875
replicator,B36/S23,64,96,0.0001,21,replicator:noise:21,8,false,0,0.005859375
replicator,B36/S23,64,96,0.0001,22,replicator:noise:22,63,false,53,0.012939453125
replicator,B36/S23,64,96,0.0001,23,replicator:noise:23,53,false,97,0.028564453125
replicator,B36/S23,64,96,0.0001,24,replicator:noise:24,67,false,88,0.01904296875
replicator,B36/S23,64,96,0.0001,25,replicator:noise:25,6,false,11,0.008544921875
replicator,B36/S23,64,96,0.0001,26,replicator:noise:26,37,false,34,0.01416015625
replicator,B36/S23,64,96,0.0001,27,replicator:noise:27,41,true,28,0.0009765625
replicator,B36/S23,64,96,0.0001,28,replicator:noise:28,17,false,52,0.0185546875
replicator,B36/S23,64,96,0.0001,29,replicator:noise:29,41,false,74,0.01953125
replicator,B36/S23,64,96,0.0001,30,replicator:noise:30,79,false,69,0.013916015625
replicator,B36/S23,64,96,0.0001,31,replicator:noise:31,66,false,80,0.01953125
replicator,B36/S23,64,96,0.0001,32,replicator:noise:32,13,false,100,0.0302734375
replicator,B36/S23,64,96,0.0001,33,replicator:noise:33,,true,25,0.000244140625
replicator,B36/S23,64,96,0.0001,34,replicator:noise:34,7,false,5,0.007080078125
replicator,B36/S23,64,96,0.0001,35,replicator:noise:35,5,false,36,0.0146484375
replicator,B36/S23,64,96,0.0001,36,replicator:noise:36,70,false,94,0.0185546875
replicator,B36/S23,64,96,0.0001,37,replicator:noise:37,68,false,92,0.01806640625
replicator,B36/S23,64,96,0.0001,38,replicator:noise:38,60,false,39,0.014892578125
replicator,B36/S23,64,96,0.0001,39,replicator:noise:39,88,true,25,0.000244140625
replicator,B36/S23,64,96,0.0005,0,replicator:noise:0,7,false,21,0.010986328125
replicator,B36/S23,64,96,0.0005,1,replicator:noise:1,2,false,9,0.008056640625
replicator,B36/S23,64,96,0.0005,2,replicator:noise:2,7,false,18,0.01025390625
replicator,B36/S23,64,96,0.0005,3,replicator:noise:3,9,false,9,0.008056640625
replicator,B36/S23,64,96,0.0005,4,replicator:noise:4,31,false,49,0.017822265625
replicator,B36/S23,64,96,0.0005,5,replicator:noise:5,12,false,35,0.014404296875
replicator,B36/S23,64,96,0.0005,6,replicator:noise:6,18,false,34,0.01416015625
replicator,B36/S23,64,96,0.0005,7,replicator:noise:7,17,false,86,0.02685546875
replicator,B36/S23,64,96,0.0005,8,replicator:noise:8,1,false,33,0.013916015625
replicator,B36/S23,64,96,0.0005,9,replicator:noise:9,15,false,72,0.0234375
replicator,B36/S23,64,96,0.0005,10,replicator:noise:10,18,false,0,0.005859375
replicator,B36/S23,64,96,0.0005,11,replicator:noise:11,5,false,4,0.0068359375
replicator,B36/S23,64,96,0.0005,12,replicator:noise:12,14,false,0,0.005859375
replicator,B36/S23,64,96,0.0005,13,replicator:noise:13,18,false,74,0.02392578125
replicator,B36/S23,64,96,0.0005,14,replicator:noise:14,14,false,60,0.0205078125
replicator,B36/S23,64,96,0.0005,15,replicator:noise:15,6,false,67,0.022216796875
replicator,B36/S23,64,96,0.0005,16,replicator:noise:16,13,false,20,0.0107421875
replicator,B36/S23,64,96,0.0005,17,replicator:noise:17,36,false,36,0.0146484375
replicator,B36/S23,64,96,0.0005,18,replicator:noise:18,5,false,9,0.008056640625
replicator,B36/S23,64,96,0.0005,19,replicator:noise:19,11,false,51,0.018310546875
replicator,B36/S23,64,96,0.0005,20,replicator:noise:20,17,false,36,0.0146484375
replicator,B36/S23,64,96,0.0005,21,replicator:noise:21,8,false,1,0.006103515625
replicator,B36/S23,64,96,0.0005,22,replicator:noise:22,13,false,66,0.02197265625
replicator,B36/S23,64,96,0.0005,23,replicator:noise:23,7,false,2,0.00634765625
replicator,B36/S23,64,96,0.0005,24,replicator:noise:24,46,false,55,0.017333984375
replicator,B36/S23,64,96,0.0005,25,replicator:noise:25,6,false,11,0.008544921875
replicator,B36/S23,64,96,0.0005,26,replicator:noise:26,22,false,20,0.0107421875
replicator,B36/S23,64,96,0.0005,27,replicator:noise:27,7,false,5,0.007080078125
replicator,B36/S23,64,96,0.0005,28,replicator:noise:28,7,false,20,0.0107421875
replicator,B36/S23,64,96,0.0005,29,replicator:noise:29,25,false,61,0.014892578125
replicator,B36/S23,64,96,0.0005,30,replicator:noise:30,4,false,33,0.013916015625
replicator,B36/S23,64,96,0.0005,31,replicator:noise:31,19,false,72,0.0234375
replicator,B36/S23,64,96,0.0005,32,replicator:noise:32,7,false,33,0.013916015625
replicator,B36/S23,64,96,0.0005,33,replicator:noise:33,22,false,49,0.017822265625
replicator,B36/S23,64,96,0.0005,34,replicator:noise:34,4,false,67,0.022216796875
replicator,B36/S23,64,96,0.0005,35,replicator:noise:35,4,false,5,0.007080078125
replicator,B36/S23,64,96,0.0005,36,replicator:noise:36,14,false,32,0.013671875
replicator,B36/S23,64,96,0.0005,37,replicator:noise:37,2,false,55,0.019287109375
replicator,B36/S23,64,96,0.0005,38,replicator:noise:38,5,false,17,0.010009765625
replicator,B36/S23,64,96,0.0005,39,replicator:noise:39,31,false,59,0.020263671875
replicator,B36/S23,64,96,0.001,0,replicator:noise:0,7,false,68,0.0224609375
replicator,B36/S23,64,96,0.001,1,replicator:noise:1,2,false,25,0.011962890625
replicator,B36/S23,64,96,0.001,2,replicator:noise:2,7,false,36,0.0146484375
replicator,B36/S23,64,96,0.001,3,replicator:noise:3,9,false,44,0.0166015625
replicator,B36/S23,64,96,0.001,4,replicator:noise:4,31,false,115,0.033447265625
replicator,B36/S23,64,96,0.001,5,replicator:noise:5,12,false,48,0.017578125
replicator,B36/S23,64,96,0.001,6,replicator:noise:6,8,false,11,0.008544921875
replicator,B36/S23,64,96,0.001,7,replicator:noise:7,1,false,12,0.0087890625
replicator,B36/S23,64,96,0.001,8,replicator:noise:8,1,false,120,0.03515625
replicator,B36/S23,64,96,0.001,9,replicator:noise:9,13,false,39,0.015380859375
replicator,B36/S23,64,96,0.001,10,replicator:noise:10,18,false,52,0.0185546875
replicator,B36/S23,64,96,0.001,11,replicator:noise:11,5,false,10,0.00830078125
replicator,B36/S23,64,96,0.001,12,replicator:noise:12,2,false,73,0.023681640625
replicator,B36/S23,64,96,0.001,13,replicator:noise:13,18,false,39,0.015380859375
replicator,B36/S23,64,96,0.001,14,replicator:noise:14,14,false,60,0.0205078125
replicator,B36/S23,64,96,0.001,15,replicator:noise:15,6,false,14,0.00927734375
replicator,B36/S23,64,96,0.001,16,replicator:noise:16,13,false,15,0.009521484375
replicator,B36/S23,64,96,0.001,17,replicator:noise:17,15,false,20,0.0107421875
replicator,B36/S23,64,96,0.001,18,replicator:noise:18,5,false,11,0.008544921875
replicator,B36/S23,64,96,0.001,19,replicator:noise:19,7,false,84,0.0263671875
replicator,B36/S23,64,96,0.001,20,replicator:noise:20,17,false,74,0.02392578125
replicator,B36/S23,64,96,0.001,21,replicator:noise:21,8,false,2,0.00634765625
replicator,B36/S23,64,96,0.001,22,replicator:noise:22,13,false,4,0.0068359375
replicator,B36/S23,64,96,0.001,23,replicator:noise:23,7,false,2,0.00634765625
replicator,B36/S23,64,96,0.001,24,replicator:noise:24,22,false,73,0.022705078125
replicator,B36/S23,64,96,0.001,25,replicator:noise:25,3,false,6,0.00732421875
replicator,B36/S23,64,96,0.001,26,replicator:noise:26,19,false,34,0.01416015625
replicator,B36/S23,64,96,0.001,27,replicator:noise:27,7,false,7,0.007568359375
replicator,B36/S23,64,96,0.001,28,replicator:noise:28,1,false,6,0.00732421875
replicator,B36/S23,64,96,0.001,29,replicator:noise:29,6,false,4,0.0068359375
replicator,B36/S23,64,96,0.001,30,replicator:noise:30,4,false,5,0.007080078125
replicator,B36/S23,64,96,0.001,31,replicator:noise:31,12,false,92,0.0283203125
replicator,B36/S23,64,96,0.001,32,replicator:noise:32,7,false,56,0.01953125
replicator,B36/S23,64,96,0.001,33,replicator:noise:33,4,false,4,0.0068359375
replicator,B36/S23,64,96,0.001,34,replicator:noise:34,4,false,11,0.008544921875
replicator,B36/S23,64,96,0.001,35,replicator:noise:35,4,false,16,0.009765625
replicator,B36/S23,64,96,0.001,36,replicator:noise:36,1,false,40,0.015625
replicator,B36/S23,64,96,0.001,37,replicator:noise:37,2,false,22,0.01123046875
replicator,B36/S23,64,96,0.001,38,replicator:noise:38,5,false,85,0.026611328125
replicator,B36/S23,64,96,0.001,39,replicator:noise:39,7,false,50,0.01806640625
replicator,B36/S23,64,96,0.005,0,replicator:noise:0,3,false,33,0.013916015625
replicator,B36/S23,64,96,0.005,1,replicator:noise:1,2,false,97,0.029541015625
replicator,B36/S23,64,96,0.005,2,replicator:noise:2,2,false,12,0.0087890625
replicator,B36/S23,64,96,0.005,3,replicator:noise:3,1,false,57,0.019775390625
replicator,B36/S23,64,96,0.005,4,replicator:noise:4,8,false,64,0.021484375
replicator,B36/S23,64,96,0.005,5,replicator:noise:5,1,false,16,0.009765625
replicator,B36/S23,64,96,0.005,6,replicator:noise:6,1,false,23,0.011474609375
replicator,B36/S23,64,96,0.005,7,replicator:noise:7,1,false,48,0.017578125
replicator,B36/S23,64,96,0.005,8,replicator:noise:8,1,false,72,0.0234375
replicator,B36/S23,64,96,0.005,9,replicator:noise:9,4,false,18,0.01025390625
replicator,B36/S23,64,96,0.005,10,replicator:noise:10,3,false,103,0.031005859375
replicator,B36/S23,64,96,0.005,11,replicator:noise:11,3,false,128,0.037109375
replicator,B36/S23,64,96,0.005,12,replicator:noise:12,2,false,46,0.01708984375
replicator,B36/S23,64,96,0.005,13,replicator:noise:13,1,false,70,0.02294921875
replicator,B36/S23,64,96,0.005,14,replicator:noise:14,3,false,81,0.025634765625
replicator,B36/S23,64,96,0.005,15,replicator:noise:15,3,false,100,0.0302734375
replicator,B36/S23,64,96,0.005,16,replicator:noise:16,2,false,22,0.01123046875
replicator,B36/S23,64,96,0.005,17,replicator:noise:17,5,false,91,0.028076171875
replicator,B36/S23,64,96,0.005,18,replicator:noise:18,5,false,38,0.01513671875
replicator,B36/S23,64,96,0.005,19,replicator:noise:19,4,false,27,0.012451171875
replicator,B36/S23,64,96,0.005,20,replicator:noise:20,5,false,94,0.02880859375
replicator,B36/S23,64,96,0.005,21,replicator:noise:21,2,false,107,0.031982421875
replicator,B36/S23,64,96,0.005,22,replicator:noise:22,3,false,132,0.0380859375
replicator,B36/S23,64,96,0.005,23,replicator:noise:23,2,false,97,0.029541015625
replicator,B36/S23,64,96,0.005,24,replicator:noise:24,1,false,77,0.024658203125
replicator,B36/S23,64,96,0.005,25,replicator:noise:25,2,false,168,0.046875
replicator,B36/S23,64,96,0.005,26,replicator:noise:26,4,false,66,0.02197265625
replicator,B36/S23,64,96,0.005,27,replicator:noise:27,7,false,66,0.02197265625
replicator,B36/S23,64,96,0.005,28,replicator:noise:28,1,false,48,0.017578125
replicator,B36/S23,64,96,0.005,29,replicator:noise:29,2,false,38,0.01513671875
replicator,B36/S23,64,96,0.005,30,replicator:noise:30,4,false,16,0.009765625
replicator,B36/S23,64,96,0.005,31,replicator:noise:31,4,false,25,0.011962890625
replicator,B36/S23,64,96,0.005,32,replicator:noise:32,1,false,74,0.02392578125
replicator,B36/S23,64,96,0.005,33,replicator:noise:33,2,false,69,0.022216796875
replicator,B36/S23,64,96,0.005,34,replicator:noise:34,4,false,89,0.027587890625
replicator,B36/S23,64,96,0.005,35,replicator:noise:35,4,false,57,0.019775390625
replicator,B36/S23,64,96,0.005,36,replicator:noise:36,1,false,27,0.012451171875
replicator,B36/S23,64,96,0.005,37,replicator:noise:37,2,false,50,0.017578125
replicator,B36/S23,64,96,0.005,38,replicator:noise:38,5,false,42,0.01611328125
replicator,B36/S23,64,96,0.005,39,replicator:noise:39,6,false,121,0.035400390625
replicator,B36/S23,64,96,0.01,0,replicator:noise:0,3,false,70,0.02294921875
replicator,B36/S23,64,96,0.01,1,replicator:noise:1,2,false,220,0.0595703125
replicator,B36/S23,64,96,0.01,2,replicator:noise:2,1,false,172,0.04736328125
replicator,B36/S23,64,96,0.01,3,replicator:noise:3,1,false,147,0.041748046875
replicator,B36/S23,64,96,0.01,4,replicator:noise:4,1,false,159,0.043212890625
replicator,B36/S23,64,96,0.01,5,replicator:noise:5,1,false,173,0.048095703125
replicator,B36/S23,64,96,0.01,6,replicator:noise:6,1,false,117,0.034423828125
replicator,B36/S23,64,96,0.01,7,replicator:noise:7,1,false,223,0.060302734375
replicator,B36/S23,64,96,0.01,8,replicator:noise:8,1,false,137,0.039306640625
replicator,B36/S23,64,96,0.01,9,replicator:noise:9,2,false,67,0.022216796875
replicator,B36/S23,64,96,0.01,10,replicator:noise:10,3,false,64,0.021484375
replicator,B36/S23,64,96,0.01,11,replicator:noise:11,3,false,83,0.026123046875
replicator,B36/S23,64,96,0.01,12,replicator:noise:12,2,false,91,0.028076171875
replicator,B36/S23,64,96,0.01,13,replicator:noise:13,1,false,43,0.016357421875
replicator,B36/S23,64,96,0.01,14,replicator:noise:14,3,false,135,0.038818359375
replicator,B36/S23,64,96,0.01,15,replicator:noise:15,1,false,262,0.06982421875
replicator,B36/S23,64,96,0.01,16,replicator:noise:16,2,false,56,0.01904296875
replicator,B36/S23,64,96,0.01,17,replicator:noise:17,4,false,74,0.02392578125
replicator,B36/S23,64,96,0.01,18,replicator:noise:18,3,false,147,0.041748046875
replicator,B36/S23,64,96,0.01,19,replicator:noise:19,1,false,75,0.024169921875
replicator,B36/S23,64,96,0.01,20,replicator:noise:20,1,false,130,0.03759765625
replicator,B36/S23,64,96,0.01,21,replicator:noise:21,2,false,52,0.0185546875
replicator,B36/S23,64,96,0.01,22,replicator:noise:22,1,false,106,0.03173828125
replicator,B36/S23,64,96,0.01,23,replicator:noise:23,1,false,162,0.04541015625
replicator,B36/S23,64,96,0.01,24,replicator:noise:24,1,false,64,0.021484375
replicator,B36/S23,64,96,0.01,25,replicator:noise:25,2,false,139,0.039794921875
replicator,B36/S23,64,96,0.01,26,replicator:noise:26,4,false,182,0.0498046875
replicator,B36/S23,64,96,0.01,27,replicator:noise:27,1,false,69,0.022705078125
replicator,B36/S23,64,96,0.01,28,replicator:noise:28,1,false,164,0.0458984375
replicator,B36/S23,64,96,0.01,29,replicator:noise:29,2,false,102,0.03076171875
replicator,B36/S23,64,96,0.01,30,replicator:noise:30,4,false,178,0.04931640625
replicator,B36/S23,64,96,0.01,31,replicator:noise:31,3,false,147,0.041748046875
replicator,B36/S23,64,96,0.01,32,replicator:noise:32,1,false,195,0.053466796875
replicator,B36/S23,64,96,0.01,33,replicator:noise:33,1,false,144,0.04052734375
replicator,B36/S23,64,96,0.01,34,replicator:noise:34,1,false,87,0.026611328125
replicator,B36/S23,64,96,0.01,35,replicator:noise:35,4,false,194,0.05322265625
replicator,B36/S23,64,96,0.01,36,replicator:noise:36,1,false,203,0.055419921875
replicator,B36/S23,64,96,0.01,37,replicator:noise:37,2,false,191,0.052001953125
replicator,B36/S23,64,96,0.01,38,replicator:noise:38,3,false,77,0.024658203125
replicator,B36/S23,64,96,0.01,39,replicator:noise:39,5,false,40,0.015625
